Year,County,GDPPC
2005,Longshan,3469.00
2005,Changsha,24612.00
2005,Wangcheng,14659.00
2005,Ningxiang,11687.00
2005,Liuyang,13406.00
2005,Zhuzhou,8546.00
2005,You,10944.00
2005,Chaling,8040.00
2005,Yanling,7383.00
2005,Liling,11688.00
2005,Xiangtan,7246.00
2005,Xiangxiang,7866.00
2005,Shaoshan,14381.00
2005,Hengyang,7246.00
2005,Hengnan,8217.00
2005,Hengshan,8035.00
2005,Hengdong,8066.00
2005,Qidong,8000.00
2005,Leiyang,8965.00
2005,Changning,7906.00
2005,Shaodong,6752.00
2005,Xinshao,4357.00
2005,Shaoyang,3609.00
2005,Longhui,3677.00
2005,Dongkou,5375.00
2005,Suining,7369.00
2005,Xinning,4024.00
2005,Chengbu,5897.00
2005,Wugang,4889.00
2005,Yueyang,7936.00
2005,Huarong,7234.00
2005,Xiangyin,9496.00
2005,Pingjiang,5817.00
2005,Miluo,8677.00
2005,Linxiang,7708.00
2005,Anxiang,8184.00
2005,Hanshou,6560.00
2005,Li,8394.00
2005,Linli,8850.00
2005,Taoyuan,8407.00
2005,Shimen,9244.00
2005,Jinshi,9956.00
2005,Cili,5703.00
2005,Sangzhi,4545.00
2005,Nan,6376.00
2005,Taojiang,5640.00
2005,Anhua,4411.00
2005,Yuanjiang,8681.00
2005,Guiyang,8933.00
2005,Yizhang,8428.00
2005,Yongxing,9494.00
2005,Jiahe,9622.00
2005,Linwu,11651.00
2005,Rucheng,8534.00
2005,Guidong,4528.00
2005,Anren,7423.00
2005,Zixing,16471.00
2005,Qiyang,7487.00
2005,Dongan,7374.00
2005,Shuangpai,8693.00
2005,Dao,6040.00
2005,Jiangyong,5977.00
2005,Ningyuan,4297.00
2005,Lanshan,6223.00
2005,Xintian,5272.00
2005,Jianghua,5420.00
2005,Zhongfang,7420.00
2005,Yuanling,7488.00
2005,Chenxi,4432.00
2005,Xupu,4670.00
2005,Huitong,4439.00
2005,Mayang,4177.00
2005,Xinhuang,4245.00
2005,Zhijiang,5315.00
2005,Jingzhou,5891.00
2005,Tongdao,3885.00
2005,Hongjiang,5514.00
2005,Shuangfeng,5868.00
2005,Xinhua,3390.00
2005,Lengshuijiang,18478.00
2005,Lianyuan,5959.00
2005,Jishou,12970.00
2005,Luxi,3701.00
2005,Fenghuang,3770.00
2005,Huayuan,6784.00
2005,Baojing,4612.00
2005,Guzhang,3893.00
2005,Yongshun,3315.00
2006,Longshan,3809.00
2006,Changsha,29407.00
2006,Wangcheng,17082.00
2006,Ningxiang,13647.00
2006,Liuyang,15631.00
2006,Zhuzhou,10116.00
2006,You,12356.00
2006,Chaling,9053.00
2006,Yanling,8059.00
2006,Liling,14000.00
2006,Xiangtan,8578.00
2006,Xiangxiang,9192.00
2006,Shaoshan,16565.00
2006,Hengyang,8068.00
2006,Hengnan,9173.00
2006,Hengshan,8964.00
2006,Hengdong,9249.00
2006,Qidong,8958.00
2006,Leiyang,10507.00
2006,Changning,9000.00
2006,Shaodong,8005.00
2006,Xinshao,4972.00
2006,Shaoyang,4064.00
2006,Longhui,3976.00
2006,Dongkou,6050.00
2006,Suining,8500.00
2006,Xinning,4533.00
2006,Chengbu,6325.00
2006,Wugang,5533.00
2006,Yueyang,9277.00
2006,Huarong,10802.00
2006,Xiangyin,10765.00
2006,Pingjiang,6570.00
2006,Miluo,10659.00
2006,Linxiang,8973.00
2006,Anxiang,10995.00
2006,Hanshou,7422.00
2006,Li,10304.00
2006,Linli,9855.00
2006,Taoyuan,9461.00
2006,Shimen,10556.00
2006,Jinshi,11223.00
2006,Cili,6463.00
2006,Sangzhi,5121.00
2006,Nan,7013.00
2006,Taojiang,6437.00
2006,Anhua,5048.00
2006,Yuanjiang,9894.00
2006,Guiyang,10439.00
2006,Yizhang,9752.00
2006,Yongxing,10978.00
2006,Jiahe,11021.00
2006,Linwu,12031.00
2006,Rucheng,9461.00
2006,Guidong,5548.00
2006,Anren,8832.00
2006,Zixing,18172.00
2006,Qiyang,8298.00
2006,Dongan,8436.00
2006,Shuangpai,10070.00
2006,Dao,6925.00
2006,Jiangyong,6482.00
2006,Ningyuan,4851.00
2006,Lanshan,8135.00
2006,Xintian,5910.00
2006,Jianghua,6241.00
2006,Zhongfang,8467.00
2006,Yuanling,8552.00
2006,Chenxi,5311.00
2006,Xupu,5196.00
2006,Huitong,5580.00
2006,Mayang,4807.00
2006,Xinhuang,5334.00
2006,Zhijiang,6517.00
2006,Jingzhou,7162.00
2006,Tongdao,4353.00
2006,Hongjiang,6313.00
2006,Shuangfeng,6546.00
2006,Xinhua,3768.00
2006,Lengshuijiang,22520.00
2006,Lianyuan,7044.00
2006,Jishou,14611.00
2006,Luxi,4468.00
2006,Fenghuang,4284.00
2006,Huayuan,10496.00
2006,Baojing,5555.00
2006,Guzhang,4297.00
2006,Yongshun,3666.00
2007,Longshan,4702.00
2007,Changsha,36272.00
2007,Wangcheng,21044.00
2007,Ningxiang,16675.00
2007,Liuyang,19151.00
2007,Zhuzhou,11301.00
2007,You,15358.00
2007,Chaling,9756.00
2007,Yanling,10996.00
2007,Liling,15769.00
2007,Xiangtan,11140.00
2007,Xiangxiang,11950.00
2007,Shaoshan,20622.00
2007,Hengyang,9495.00
2007,Hengnan,10505.00
2007,Hengshan,10328.00
2007,Hengdong,11563.00
2007,Qidong,11343.00
2007,Leiyang,12086.00
2007,Changning,10455.00
2007,Shaodong,9197.00
2007,Xinshao,5961.00
2007,Shaoyang,4704.00
2007,Longhui,4477.00
2007,Dongkou,7013.00
2007,Suining,10283.00
2007,Xinning,5389.00
2007,Chengbu,6839.00
2007,Wugang,6334.00
2007,Yueyang,12043.00
2007,Huarong,13648.00
2007,Xiangyin,13413.00
2007,Pingjiang,8065.00
2007,Miluo,13949.00
2007,Linxiang,11710.00
2007,Anxiang,12670.00
2007,Hanshou,8512.00
2007,Li,11048.00
2007,Linli,11373.00
2007,Taoyuan,11371.00
2007,Shimen,11760.00
2007,Jinshi,14258.00
2007,Cili,7841.00
2007,Sangzhi,6194.00
2007,Nan,8463.00
2007,Taojiang,8007.00
2007,Anhua,6130.00
2007,Yuanjiang,12085.00
2007,Guiyang,12879.00
2007,Yizhang,9437.00
2007,Yongxing,14022.00
2007,Jiahe,13019.00
2007,Linwu,14108.00
2007,Rucheng,8786.00
2007,Guidong,5876.00
2007,Anren,7243.00
2007,Zixing,22947.00
2007,Qiyang,9996.00
2007,Dongan,10408.00
2007,Shuangpai,10869.00
2007,Dao,8557.00
2007,Jiangyong,7789.00
2007,Ningyuan,5991.00
2007,Lanshan,10033.00
2007,Xintian,7231.00
2007,Jianghua,6931.00
2007,Zhongfang,10660.00
2007,Yuanling,10669.00
2007,Chenxi,6556.00
2007,Xupu,6603.00
2007,Huitong,6993.00
2007,Mayang,5962.00
2007,Xinhuang,6812.00
2007,Zhijiang,8115.00
2007,Jingzhou,9246.00
2007,Tongdao,5331.00
2007,Hongjiang,7906.00
2007,Shuangfeng,8357.00
2007,Xinhua,4806.00
2007,Lengshuijiang,27434.00
2007,Lianyuan,8648.00
2007,Jishou,17584.00
2007,Luxi,6244.00
2007,Fenghuang,5524.00
2007,Huayuan,14473.00
2007,Baojing,7282.00
2007,Guzhang,5085.00
2007,Yongshun,4456.00
2008,Longshan,5796.00
2008,Changsha,46371.00
2008,Wangcheng,28581.00
2008,Ningxiang,22659.00
2008,Liuyang,25545.00
2008,Zhuzhou,14209.00
2008,You,18462.00
2008,Chaling,12069.00
2008,Yanling,11434.00
2008,Liling,19447.00
2008,Xiangtan,13364.00
2008,Xiangxiang,14424.00
2008,Shaoshan,25249.00
2008,Hengyang,11057.00
2008,Hengnan,12351.00
2008,Hengshan,12627.00
2008,Hengdong,13874.00
2008,Qidong,13469.00
2008,Leiyang,14731.00
2008,Changning,12898.00
2008,Shaodong,11413.00
2008,Xinshao,7055.00
2008,Shaoyang,5759.00
2008,Longhui,5336.00
2008,Dongkou,8018.00
2008,Suining,10834.00
2008,Xinning,6295.00
2008,Chengbu,7744.00
2008,Wugang,7751.00
2008,Yueyang,14860.00
2008,Huarong,16722.00
2008,Xiangyin,16070.00
2008,Pingjiang,9748.00
2008,Miluo,16968.00
2008,Linxiang,15351.00
2008,Anxiang,14128.00
2008,Hanshou,11478.00
2008,Li,12723.00
2008,Linli,14564.00
2008,Taoyuan,13197.00
2008,Shimen,12902.00
2008,Jinshi,16969.00
2008,Cili,8817.00
2008,Sangzhi,7157.00
2008,Nan,10120.00
2008,Taojiang,9985.00
2008,Anhua,7230.00
2008,Yuanjiang,14482.00
2008,Guiyang,14943.00
2008,Yizhang,13391.00
2008,Yongxing,16973.00
2008,Jiahe,15285.00
2008,Linwu,13441.00
2008,Rucheng,6366.00
2008,Guidong,5932.00
2008,Anren,8804.00
2008,Zixing,29006.00
2008,Qiyang,11495.00
2008,Dongan,11989.00
2008,Shuangpai,13854.00
2008,Dao,10012.00
2008,Jiangyong,10172.00
2008,Ningyuan,7051.00
2008,Lanshan,11564.00
2008,Xintian,8312.00
2008,Jianghua,8578.00
2008,Zhongfang,14660.00
2008,Yuanling,12259.00
2008,Chenxi,7868.00
2008,Xupu,7354.00
2008,Huitong,8168.00
2008,Mayang,7130.00
2008,Xinhuang,8479.00
2008,Zhijiang,10145.00
2008,Jingzhou,11398.00
2008,Tongdao,6655.00
2008,Hongjiang,9739.00
2008,Shuangfeng,9517.00
2008,Xinhua,5622.00
2008,Lengshuijiang,33518.00
2008,Lianyuan,10396.00
2008,Jishou,19997.00
2008,Luxi,8003.00
2008,Fenghuang,6491.00
2008,Huayuan,17460.00
2008,Baojing,8754.00
2008,Guzhang,6354.00
2008,Yongshun,5361.00
2009,Longshan,6586.00
2009,Changsha,64022.00
2009,Wangcheng,37231.00
2009,Ningxiang,29326.00
2009,Liuyang,31397.00
2009,Zhuzhou,15699.00
2009,You,20105.00
2009,Chaling,13154.00
2009,Yanling,12769.00
2009,Liling,21856.00
2009,Xiangtan,14634.00
2009,Xiangxiang,16184.00
2009,Shaoshan,26459.00
2009,Hengyang,12198.00
2009,Hengnan,13334.00
2009,Hengshan,15357.00
2009,Hengdong,16461.00
2009,Qidong,13516.00
2009,Leiyang,17756.00
2009,Changning,14905.00
2009,Shaodong,13348.00
2009,Xinshao,6681.00
2009,Shaoyang,6201.00
2009,Longhui,5888.00
2009,Dongkou,7873.00
2009,Suining,10645.00
2009,Xinning,6748.00
2009,Chengbu,6690.00
2009,Wugang,7797.00
2009,Yueyang,16940.00
2009,Huarong,19538.00
2009,Xiangyin,18089.00
2009,Pingjiang,10617.00
2009,Miluo,22143.00
2009,Linxiang,20713.00
2009,Anxiang,16763.00
2009,Hanshou,12140.00
2009,Li,15786.00
2009,Linli,16160.00
2009,Taoyuan,14759.00
2009,Shimen,17355.00
2009,Jinshi,20528.00
2009,Cili,10653.00
2009,Sangzhi,8282.00
2009,Nan,12410.00
2009,Taojiang,11818.00
2009,Anhua,8528.00
2009,Yuanjiang,14923.00
2009,Guiyang,17184.00
2009,Yizhang,10292.00
2009,Yongxing,19164.00
2009,Jiahe,17190.00
2009,Linwu,15375.00
2009,Rucheng,5707.00
2009,Guidong,5615.00
2009,Anren,6386.00
2009,Zixing,32958.00
2009,Qiyang,12173.00
2009,Dongan,13364.00
2009,Shuangpai,14984.00
2009,Dao,10982.00
2009,Jiangyong,8937.00
2009,Ningyuan,7649.00
2009,Lanshan,12406.00
2009,Xintian,9089.00
2009,Jianghua,9605.00
2009,Zhongfang,16912.00
2009,Yuanling,13596.00
2009,Chenxi,9099.00
2009,Xupu,7855.00
2009,Huitong,8069.00
2009,Mayang,8044.00
2009,Xinhuang,8029.00
2009,Zhijiang,11462.00
2009,Jingzhou,11994.00
2009,Tongdao,7491.00
2009,Hongjiang,10227.00
2009,Shuangfeng,9553.00
2009,Xinhua,7037.00
2009,Lengshuijiang,35033.00
2009,Lianyuan,10330.00
2009,Jishou,22675.00
2009,Luxi,11100.00
2009,Fenghuang,8412.00
2009,Huayuan,18150.00
2009,Baojing,10974.00
2009,Guzhang,7061.00
2009,Yongshun,6051.00
2010,Longshan,7524.00
2010,Changsha,70604.01
2010,Wangcheng,46470.71
2010,Ningxiang,40403.58
2010,Liuyang,42619.32
2010,Zhuzhou,19542.00
2010,You,25129.00
2010,Chaling,15077.00
2010,Yanling,15045.00
2010,Liling,27737.00
2010,Xiangtan,17809.00
2010,Xiangxiang,19930.00
2010,Shaoshan,33571.00
2010,Hengyang,14328.00
2010,Hengnan,16146.00
2010,Hengshan,18130.00
2010,Hengdong,19781.00
2010,Qidong,14138.00
2010,Leiyang,21325.00
2010,Changning,17739.00
2010,Shaodong,18090.00
2010,Xinshao,7825.00
2010,Shaoyang,7352.00
2010,Longhui,6944.00
2010,Dongkou,9331.00
2010,Suining,12280.00
2010,Xinning,7779.00
2010,Chengbu,7628.00
2010,Wugang,8749.00
2010,Yueyang,19809.00
2010,Huarong,23666.00
2010,Xiangyin,23468.00
2010,Pingjiang,12527.00
2010,Miluo,26689.00
2010,Linxiang,23986.00
2010,Anxiang,19817.00
2010,Hanshou,15906.00
2010,Li,18426.00
2010,Linli,19273.00
2010,Taoyuan,17401.00
2010,Shimen,20501.00
2010,Jinshi,24824.00
2010,Cili,13345.00
2010,Sangzhi,9893.00
2010,Nan,14130.00
2010,Taojiang,13949.00
2010,Anhua,9924.00
2010,Yuanjiang,18469.00
2010,Guiyang,22468.00
2010,Yizhang,12483.00
2010,Yongxing,26600.00
2010,Jiahe,22247.00
2010,Linwu,18416.00
2010,Rucheng,7629.00
2010,Guidong,6406.00
2010,Anren,9171.00
2010,Zixing,45207.00
2010,Qiyang,14839.00
2010,Dongan,15645.00
2010,Shuangpai,17322.00
2010,Dao,13118.00
2010,Jiangyong,12678.00
2010,Ningyuan,9097.00
2010,Lanshan,14625.00
2010,Xintian,10379.00
2010,Jianghua,11445.00
2010,Zhongfang,21265.00
2010,Yuanling,16385.00
2010,Chenxi,11367.00
2010,Xupu,9186.00
2010,Huitong,9679.00
2010,Mayang,10097.00
2010,Xinhuang,10221.00
2010,Zhijiang,14069.00
2010,Jingzhou,14104.00
2010,Tongdao,8794.00
2010,Hongjiang,12107.00
2010,Shuangfeng,11320.00
2010,Xinhua,8582.00
2010,Lengshuijiang,43373.00
2010,Lianyuan,12269.00
2010,Jishou,24730.00
2010,Luxi,13518.00
2010,Fenghuang,9801.00
2010,Huayuan,17517.00
2010,Baojing,11906.00
2010,Guzhang,8301.00
2010,Yongshun,7057.00
2011,Longshan,8701.00
2011,Changsha,80356.00
2011,Wangcheng,62293.00
2011,Ningxiang,54648.25
2011,Liuyang,54768.72
2011,Zhuzhou,24082.00
2011,You,31450.00
2011,Chaling,17668.00
2011,Yanling,17961.00
2011,Liling,35669.00
2011,Xiangtan,22347.00
2011,Xiangxiang,25635.00
2011,Shaoshan,45806.00
2011,Hengyang,17014.00
2011,Hengnan,19335.00
2011,Hengshan,22094.00
2011,Hengdong,24044.00
2011,Qidong,16139.00
2011,Leiyang,25415.00
2011,Changning,21594.00
2011,Shaodong,22479.00
2011,Xinshao,10127.00
2011,Shaoyang,8792.00
2011,Longhui,8509.00
2011,Dongkou,11678.00
2011,Suining,14294.00
2011,Xinning,9442.00
2011,Chengbu,9260.00
2011,Wugang,10746.00
2011,Yueyang,23151.46
2011,Huarong,28734.07
2011,Xiangyin,28712.92
2011,Pingjiang,15105.53
2011,Miluo,37507.74
2011,Linxiang,28255.98
2011,Anxiang,22840.00
2011,Hanshou,18561.00
2011,Li,21847.00
2011,Linli,23172.00
2011,Taoyuan,20558.00
2011,Shimen,24409.00
2011,Jinshi,30286.00
2011,Cili,16696.00
2011,Sangzhi,12722.00
2011,Nan,18812.00
2011,Taojiang,16987.00
2011,Anhua,12374.00
2011,Yuanjiang,22897.00
2011,Guiyang,28690.00
2011,Yizhang,15822.00
2011,Yongxing,32953.00
2011,Jiahe,28612.00
2011,Linwu,21323.00
2011,Rucheng,10056.00
2011,Guidong,7601.00
2011,Anren,11395.00
2011,Zixing,58313.00
2011,Qiyang,18597.00
2011,Dongan,18744.00
2011,Shuangpai,20239.00
2011,Dao,16127.00
2011,Jiangyong,15298.00
2011,Ningyuan,11221.00
2011,Lanshan,17893.00
2011,Xintian,12860.00
2011,Jianghua,13981.00
2011,Zhongfang,26145.00
2011,Yuanling,20453.00
2011,Chenxi,14509.00
2011,Xupu,11749.00
2011,Huitong,12212.00
2011,Mayang,11862.00
2011,Xinhuang,13002.00
2011,Zhijiang,17762.00
2011,Jingzhou,17550.00
2011,Tongdao,11003.00
2011,Hongjiang,15117.00
2011,Shuangfeng,14788.00
2011,Xinhua,11135.00
2011,Lengshuijiang,55692.00
2011,Lianyuan,15624.00
2011,Jishou,28482.00
2011,Luxi,17236.00
2011,Fenghuang,11974.00
2011,Huayuan,18850.00
2011,Baojing,13374.00
2011,Guzhang,10086.00
2011,Yongshun,8667.00
2012,Longshan,9754.00
2012,Changsha,88656.00
2012,Wangcheng,70666.00
2012,Ningxiang,62202.00
2012,Liuyang,63118.00
2012,Zhuzhou,27589.00
2012,You,36264.00
2012,Chaling,20078.00
2012,Yanling,21021.00
2012,Liling,41491.00
2012,Xiangtan,27060.00
2012,Xiangxiang,29361.00
2012,Shaoshan,55570.00
2012,Hengyang,19382.00
2012,Hengnan,21911.00
2012,Hengshan,25172.00
2012,Hengdong,27485.00
2012,Qidong,18001.00
2012,Leiyang,26105.00
2012,Changning,24418.00
2012,Shaodong,25246.00
2012,Xinshao,11514.00
2012,Shaoyang,9653.00
2012,Longhui,9572.00
2012,Dongkou,13240.00
2012,Suining,16069.00
2012,Xinning,10732.00
2012,Chengbu,10132.00
2012,Wugang,12112.00
2012,Yueyang,26360.00
2012,Huarong,30413.00
2012,Xiangyin,33983.00
2012,Pingjiang,17252.00
2012,Miluo,42497.00
2012,Linxiang,31897.00
2012,Anxiang,23667.00
2012,Hanshou,20981.00
2012,Li,24473.00
2012,Linli,25554.00
2012,Taoyuan,22879.00
2012,Shimen,27137.00
2012,Jinshi,34592.00
2012,Cili,18714.00
2012,Sangzhi,14624.00
2012,Nan,21311.46
2012,Taojiang,19509.00
2012,Anhua,14567.00
2012,Yuanjiang,26258.00
2012,Guiyang,32853.00
2012,Yizhang,17814.00
2012,Yongxing,37651.00
2012,Jiahe,32091.00
2012,Linwu,23986.00
2012,Rucheng,11286.00
2012,Guidong,8497.00
2012,Anren,12761.00
2012,Zixing,65706.00
2012,Qiyang,20638.00
2012,Dongan,20901.00
2012,Shuangpai,21942.00
2012,Dao,18059.00
2012,Jiangyong,17168.00
2012,Ningyuan,12697.00
2012,Lanshan,20088.00
2012,Xintian,14426.00
2012,Jianghua,15801.00
2012,Zhongfang,30846.00
2012,Yuanling,24194.00
2012,Chenxi,17026.00
2012,Xupu,13863.00
2012,Huitong,14334.00
2012,Mayang,13744.00
2012,Xinhuang,15412.00
2012,Zhijiang,20518.00
2012,Jingzhou,20348.00
2012,Tongdao,12781.00
2012,Hongjiang,17733.00
2012,Shuangfeng,17755.00
2012,Xinhua,13398.00
2012,Lengshuijiang,64257.00
2012,Lianyuan,18346.00
2012,Jishou,31537.00
2012,Luxi,17472.00
2012,Fenghuang,13382.00
2012,Huayuan,20337.00
2012,Baojing,14563.00
2012,Guzhang,11580.00
2012,Yongshun,9590.00
2013,Longshan,10791.00
2013,Changsha,97249.00
2013,Wangcheng,79195.00
2013,Ningxiang,69797.00
2013,Liuyang,71634.00
2013,Zhuzhou,30801.00
2013,You,40725.00
2013,Chaling,22363.00
2013,Yanling,24147.00
2013,Liling,46052.00
2013,Xiangtan,30636.00
2013,Xiangxiang,33585.00
2013,Shaoshan,61301.00
2013,Hengyang,21419.00
2013,Hengnan,23818.00
2013,Hengshan,27622.00
2013,Hengdong,30326.00
2013,Qidong,19849.00
2013,Leiyang,27600.00
2013,Changning,27057.00
2013,Shaodong,27817.00
2013,Xinshao,12649.00
2013,Shaoyang,10531.00
2013,Longhui,10191.00
2013,Dongkou,14480.00
2013,Suining,17604.00
2013,Xinning,11834.00
2013,Chengbu,10595.00
2013,Wugang,12657.00
2013,Yueyang,29171.00
2013,Huarong,33611.00
2013,Xiangyin,37621.00
2013,Pingjiang,19076.00
2013,Miluo,47066.00
2013,Linxiang,35394.00
2013,Anxiang,24012.00
2013,Hanshou,24034.00
2013,Li,27721.00
2013,Linli,27994.00
2013,Taoyuan,25691.00
2013,Shimen,30054.00
2013,Jinshi,38042.00
2013,Cili,20303.00
2013,Sangzhi,15672.00
2013,Nan,23479.00
2013,Taojiang,21511.00
2013,Anhua,16071.00
2013,Yuanjiang,28826.00
2013,Guiyang,36372.00
2013,Yizhang,25040.00
2013,Yongxing,42868.00
2013,Jiahe,35328.00
2013,Linwu,25241.00
2013,Rucheng,12569.00
2013,Guidong,9434.00
2013,Anren,15490.00
2013,Zixing,72393.00
2013,Qiyang,22774.00
2013,Dongan,23002.00
2013,Shuangpai,21770.00
2013,Dao,20073.00
2013,Jiangyong,18912.00
2013,Ningyuan,14110.00
2013,Lanshan,22137.00
2013,Xintian,15881.00
2013,Jianghua,17580.00
2013,Zhongfang,34218.00
2013,Yuanling,26525.00
2013,Chenxi,18986.00
2013,Xupu,15330.00
2013,Huitong,16023.00
2013,Mayang,15420.00
2013,Xinhuang,17193.00
2013,Zhijiang,22994.00
2013,Jingzhou,22774.00
2013,Tongdao,14134.00
2013,Hongjiang,19786.00
2013,Shuangfeng,19797.00
2013,Xinhua,15063.00
2013,Lengshuijiang,70781.00
2013,Lianyuan,20607.00
2013,Jishou,33904.00
2013,Luxi,16876.00
2013,Fenghuang,15368.00
2013,Huayuan,19980.00
2013,Baojing,12695.00
2013,Guzhang,13345.00
2013,Yongshun,10712.00
2014,Longshan,11980.00
2014,Changsha,107562.00
2014,Wangcheng,84780.00
2014,Ningxiang,75076.00
2014,Liuyang,78127.00
2014,Zhuzhou,34977.00
2014,You,45160.00
2014,Chaling,24910.00
2014,Yanling,27330.00
2014,Liling,50629.00
2014,Xiangtan,34488.00
2014,Xiangxiang,37651.00
2014,Shaoshan,67578.00
2014,Hengyang,23456.00
2014,Hengnan,26001.00
2014,Hengshan,30462.00
2014,Hengdong,33307.00
2014,Qidong,21906.00
2014,Leiyang,30360.00
2014,Changning,29665.00
2014,Shaodong,30800.00
2014,Xinshao,14085.00
2014,Shaoyang,11739.00
2014,Longhui,11486.00
2014,Dongkou,16024.00
2014,Suining,19428.00
2014,Xinning,13209.00
2014,Chengbu,11663.00
2014,Wugang,14135.00
2014,Yueyang,32503.00
2014,Huarong,36875.00
2014,Xiangyin,41965.00
2014,Pingjiang,20521.00
2014,Miluo,51832.00
2014,Linxiang,38903.00
2014,Anxiang,24818.00
2014,Hanshou,26745.00
2014,Li,31861.00
2014,Linli,29998.00
2014,Taoyuan,29042.00
2014,Shimen,32286.00
2014,Jinshi,41277.00
2014,Cili,22584.00
2014,Sangzhi,17518.00
2014,Nan,26081.76
2014,Taojiang,23855.00
2014,Anhua,17840.00
2014,Yuanjiang,31834.00
2014,Guiyang,40891.00
2014,Yizhang,28354.00
2014,Yongxing,48646.00
2014,Jiahe,38064.00
2014,Linwu,26275.00
2014,Rucheng,14018.00
2014,Guidong,10583.00
2014,Anren,17947.00
2014,Zixing,80663.00
2014,Qiyang,25139.00
2014,Dongan,24876.00
2014,Shuangpai,23077.00
2014,Dao,22404.00
2014,Jiangyong,19982.00
2014,Ningyuan,15200.00
2014,Lanshan,24207.00
2014,Xintian,17140.00
2014,Jianghua,20033.00
2014,Zhongfang,35747.00
2014,Yuanling,27798.00
2014,Chenxi,20132.00
2014,Xupu,15331.00
2014,Huitong,17040.00
2014,Mayang,16700.00
2014,Xinhuang,18328.00
2014,Zhijiang,24134.00
2014,Jingzhou,25078.00
2014,Tongdao,14871.00
2014,Hongjiang,21314.00
2014,Shuangfeng,21252.00
2014,Xinhua,16620.00
2014,Lengshuijiang,75181.00
2014,Lianyuan,22145.00
2014,Jishou,35806.00
2014,Luxi,18529.00
2014,Fenghuang,17265.00
2014,Huayuan,20450.00
2014,Baojing,13954.00
2014,Guzhang,15258.00
2014,Yongshun,11628.00
2015,Longshan,13383.00
2015,Changsha,128715.00
2015,Wangcheng,91430.00
2015,Ningxiang,81677.00
2015,Liuyang,85426.00
2015,Zhuzhou,39345.00
2015,You,48800.00
2015,Chaling,26919.00
2015,Yanling,30230.00
2015,Liling,54625.00
2015,Xiangtan,38565.00
2015,Xiangxiang,41058.00
2015,Shaoshan,72777.00
2015,Hengyang,25922.00
2015,Hengnan,29475.00
2015,Hengshan,34386.00
2015,Hengdong,36790.00
2015,Qidong,23976.00
2015,Leiyang,33069.00
2015,Changning,32424.00
2015,Shaodong,33525.00
2015,Xinshao,15249.00
2015,Shaoyang,12866.00
2015,Longhui,12777.00
2015,Dongkou,17523.00
2015,Suining,21042.00
2015,Xinning,14673.00
2015,Chengbu,12865.00
2015,Wugang,15688.00
2015,Yueyang,35632.00
2015,Huarong,38676.00
2015,Xiangyin,44546.00
2015,Pingjiang,22238.00
2015,Miluo,56180.00
2015,Linxiang,41901.00
2015,Anxiang,27038.00
2015,Hanshou,27488.00
2015,Li,35530.00
2015,Linli,32103.00
2015,Taoyuan,31968.00
2015,Shimen,35202.00
2015,Jinshi,44464.00
2015,Cili,24747.00
2015,Sangzhi,19075.00
2015,Nan,28216.00
2015,Taojiang,25678.00
2015,Anhua,19174.00
2015,Yuanjiang,33822.00
2015,Guiyang,44112.00
2015,Yizhang,30839.00
2015,Yongxing,52963.00
2015,Jiahe,40607.00
2015,Linwu,27477.00
2015,Rucheng,15164.00
2015,Guidong,11909.00
2015,Anren,19235.00
2015,Zixing,86570.00
2015,Qiyang,27359.00
2015,Dongan,27068.00
2015,Shuangpai,24885.00
2015,Dao,24593.00
2015,Jiangyong,21799.00
2015,Ningyuan,16682.00
2015,Lanshan,26199.00
2015,Xintian,18634.00
2015,Jianghua,22078.00
2015,Zhongfang,37870.00
2015,Yuanling,27318.00
2015,Chenxi,21550.00
2015,Xupu,16743.00
2015,Huitong,18404.00
2015,Mayang,18334.00
2015,Xinhuang,19851.00
2015,Zhijiang,26175.00
2015,Jingzhou,27127.00
2015,Tongdao,16106.00
2015,Hongjiang,23072.00
2015,Shuangfeng,22900.00
2015,Xinhua,17929.00
2015,Lengshuijiang,78672.00
2015,Lianyuan,23773.00
2015,Jishou,39364.00
2015,Luxi,18644.00
2015,Fenghuang,19362.00
2015,Huayuan,20056.00
2015,Baojing,15331.00
2015,Guzhang,16893.00
2015,Yongshun,12918.00
2016,Longshan,14736.00
2016,Changsha,135712.00
2016,Wangcheng,98877.00
2016,Ningxiang,87826.00
2016,Liuyang,92823.00
2016,Zhuzhou,42956.00
2016,You,52460.00
2016,Chaling,29527.00
2016,Yanling,33043.00
2016,Liling,58799.00
2016,Xiangtan,42403.00
2016,Xiangxiang,45462.00
2016,Shaoshan,79293.00
2016,Hengyang,28777.00
2016,Hengnan,32506.00
2016,Hengshan,38492.00
2016,Hengdong,41012.00
2016,Qidong,26598.00
2016,Leiyang,36524.00
2016,Changning,35619.00
2016,Shaodong,36527.00
2016,Xinshao,16397.00
2016,Shaoyang,13932.00
2016,Longhui,13887.00
2016,Dongkou,19132.00
2016,Suining,22734.00
2016,Xinning,16172.00
2016,Chengbu,13744.00
2016,Wugang,17286.00
2016,Yueyang,38948.00
2016,Huarong,41942.00
2016,Xiangyin,48145.00
2016,Pingjiang,24369.00
2016,Miluo,60517.00
2016,Linxiang,45267.00
2016,Anxiang,30104.00
2016,Hanshou,31328.00
2016,Li,39741.00
2016,Linli,35898.00
2016,Taoyuan,36171.00
2016,Shimen,39871.00
2016,Jinshi,51473.00
2016,Cili,27029.00
2016,Sangzhi,21008.00
2016,Nan,31103.00
2016,Taojiang,28676.00
2016,Anhua,21499.00
2016,Yuanjiang,36998.00
2016,Guiyang,48667.00
2016,Yizhang,33840.00
2016,Yongxing,58464.00
2016,Jiahe,43764.00
2016,Linwu,37554.00
2016,Rucheng,16448.00
2016,Guidong,13191.00
2016,Anren,21192.00
2016,Zixing,94267.00
2016,Qiyang,30037.00
2016,Dongan,29134.00
2016,Shuangpai,26379.00
2016,Dao,27445.00
2016,Jiangyong,24413.00
2016,Ningyuan,18658.00
2016,Lanshan,28786.00
2016,Xintian,20464.00
2016,Jianghua,23836.00
2016,Zhongfang,41634.00
2016,Yuanling,29374.00
2016,Chenxi,23466.00
2016,Xupu,18475.00
2016,Huitong,20455.00
2016,Mayang,20272.00
2016,Xinhuang,21709.00
2016,Zhijiang,28689.00
2016,Jingzhou,29475.00
2016,Tongdao,17587.00
2016,Hongjiang,25024.00
2016,Shuangfeng,25017.00
2016,Xinhua,19720.00
2016,Lengshuijiang,83756.00
2016,Lianyuan,25962.00
2016,Jishou,42043.00
2016,Luxi,18507.00
2016,Fenghuang,21499.00
2016,Huayuan,19868.00
2016,Baojing,16272.00
2016,Guzhang,17913.00
2016,Yongshun,13666.00
2017,Longshan,15911.00
2017,Changsha,144225.00
2017,Wangcheng,99573.00
2017,Ningxiang,85867.00
2017,Liuyang,98683.00
2017,Zhuzhou,45673.00
2017,You,55186.00
2017,Chaling,28907.00
2017,Yanling,33921.00
2017,Liling,62025.00
2017,Xiangtan,45406.00
2017,Xiangxiang,48812.00
2017,Shaoshan,85484.00
2017,Hengyang,30744.00
2017,Hengnan,33691.00
2017,Hengshan,41912.00
2017,Hengdong,43995.00
2017,Qidong,27371.00
2017,Leiyang,36312.00
2017,Changning,37591.00
2017,Shaodong,40829.00
2017,Xinshao,16893.00
2017,Shaoyang,15068.00
2017,Longhui,14860.00
2017,Dongkou,19764.00
2017,Suining,24243.00
2017,Xinning,17228.00
2017,Chengbu,14163.00
2017,Wugang,17767.00
2017,Yueyang,40238.00
2017,Huarong,42786.00
2017,Xiangyin,43257.00
2017,Pingjiang,26209.00
2017,Miluo,59092.00
2017,Linxiang,44893.00
2017,Anxiang,33070.00
2017,Hanshou,33863.00
2017,Li,41246.00
2017,Linli,37346.00
2017,Taoyuan,38614.00
2017,Shimen,41855.00
2017,Jinshi,55037.00
2017,Cili,29654.00
2017,Sangzhi,23338.00
2017,Nan,33248.83
2017,Taojiang,31596.00
2017,Anhua,24141.00
2017,Yuanjiang,41210.00
2017,Guiyang,49612.00
2017,Yizhang,36914.00
2017,Yongxing,59964.00
2017,Jiahe,43409.00
2017,Linwu,41595.00
2017,Rucheng,17609.00
2017,Guidong,14717.00
2017,Anren,22670.00
2017,Zixing,94905.00
2017,Qiyang,31801.00
2017,Dongan,29552.00
2017,Shuangpai,29085.00
2017,Dao,29059.00
2017,Jiangyong,26617.00
2017,Ningyuan,20528.00
2017,Lanshan,31412.00
2017,Xintian,22611.00
2017,Jianghua,25827.00
2017,Zhongfang,43240.00
2017,Yuanling,25623.00
2017,Chenxi,22699.00
2017,Xupu,18872.00
2017,Huitong,21574.00
2017,Mayang,21572.00
2017,Xinhuang,20545.00
2017,Zhijiang,25905.00
2017,Jingzhou,31094.00
2017,Tongdao,18919.00
2017,Hongjiang,27487.00
2017,Shuangfeng,25791.00
2017,Xinhua,19891.00
2017,Lengshuijiang,74509.00
2017,Lianyuan,26939.00
2017,Jishou,44817.00
2017,Luxi,19253.00
2017,Fenghuang,23651.00
2017,Huayuan,22265.00
2017,Baojing,17599.00
2017,Guzhang,18797.00
2017,Yongshun,14511.00
2018,Longshan,17068.80
2018,Changsha,141720.70
2018,Wangcheng,103407.30
2018,Ningxiang,86096.34
2018,Liuyang,100200.10
2018,Zhuzhou,45358.00
2018,You,52287.95
2018,Chaling,31356.85
2018,Yanling,36828.71
2018,Liling,63128.86
2018,Xiangtan,51500.44
2018,Xiangxiang,54994.68
2018,Shaoshan,93691.87
2018,Hengyang,32826.89
2018,Hengnan,35273.61
2018,Hengshan,46481.11
2018,Hengdong,45690.89
2018,Qidong,28171.60
2018,Leiyang,37932.34
2018,Changning,40762.36
2018,Shaodong,46661.11
2018,Xinshao,18509.28
2018,Shaoyang,16844.35
2018,Longhui,16191.74
2018,Dongkou,21365.84
2018,Suining,25232.11
2018,Xinning,18703.70
2018,Chengbu,15182.39
2018,Wugang,19249.76
2018,Yueyang,44208.33
2018,Huarong,46936.05
2018,Xiangyin,46861.46
2018,Pingjiang,28944.92
2018,Miluo,64462.19
2018,Linxiang,51344.05
2018,Anxiang,36358.00
2018,Hanshou,36743.30
2018,Li,45765.96
2018,Linli,41142.96
2018,Taoyuan,43156.57
2018,Shimen,46830.37
2018,Jinshi,60435.19
2018,Cili,31216.77
2018,Sangzhi,24817.69
2018,Nan,35325.32
2018,Taojiang,34210.58
2018,Anhua,27110.04
2018,Yuanjiang,44550.83
2018,Guiyang,52246.09
2018,Yizhang,38803.83
2018,Yongxing,62761.83
2018,Jiahe,45731.97
2018,Linwu,44286.73
2018,Rucheng,18562.16
2018,Guidong,15813.21
2018,Anren,23797.66
2018,Zixing,98871.20
2018,Qiyang,35658.51
2018,Dongan,32449.15
2018,Shuangpai,31967.03
2018,Dao,32583.66
2018,Jiangyong,29121.65
2018,Ningyuan,23019.00
2018,Lanshan,35090.04
2018,Xintian,24935.12
2018,Jianghua,28426.16
2018,Zhongfang,44407.66
2018,Yuanling,25896.41
2018,Chenxi,25075.84
2018,Xupu,20461.71
2018,Huitong,23701.32
2018,Mayang,22964.36
2018,Xinhuang,22646.38
2018,Zhijiang,28276.74
2018,Jingzhou,34146.72
2018,Tongdao,20627.71
2018,Hongjiang,30060.00
2018,Shuangfeng,28263.26
2018,Xinhua,21889.43
2018,Lengshuijiang,76852.12
2018,Lianyuan,29513.61
2018,Jishou,47485.71
2018,Luxi,19865.15
2018,Fenghuang,24201.51
2018,Huayuan,21065.99
2018,Baojing,19069.44
2018,Guzhang,19185.73
2018,Yongshun,15521.63
2019,Longshan,19574.68
2019,Changsha,155564.46
2019,Wangcheng,116352.94
2019,Ningxiang,80888.50
2019,Liuyang,103409.33
2019,Zhuzhou,47006.13
2019,You,59744.51
2019,Chaling,36308.86
2019,Yanling,42019.04
2019,Liling,74026.04
2019,Xiangtan,55680.73
2019,Xiangxiang,59232.66
2019,Shaoshan,89948.04
2019,Hengyang,33452.10
2019,Hengnan,37014.91
2019,Hengshan,44780.22
2019,Hengdong,45032.22
2019,Qidong,29668.12
2019,Leiyang,32863.04
2019,Changning,41584.05
2019,Shaodong,66620.27
2019,Xinshao,20268.83
2019,Shaoyang,19328.03
2019,Longhui,19852.45
2019,Dongkou,22122.67
2019,Suining,25666.80
2019,Xinning,19360.98
2019,Chengbu,19441.07
2019,Wugang,20550.53
2019,Yueyang,48638.04
2019,Huarong,49204.21
2019,Xiangyin,46906.22
2019,Pingjiang,33079.13
2019,Miluo,70953.25
2019,Linxiang,57679.50
2019,Anxiang,39667.81
2019,Hanshou,37430.75
2019,Li,47873.93
2019,Linli,45571.98
2019,Taoyuan,48062.77
2019,Shimen,50646.03
2019,Jinshi,66238.08
2019,Cili,28834.75
2019,Sangzhi,25147.18
2019,Nan,36136.61
2019,Taojiang,34095.65
2019,Anhua,26984.90
2019,Yuanjiang,36964.45
2019,Guiyang,50599.19
2019,Yizhang,36143.58
2019,Yongxing,58195.37
2019,Jiahe,42095.78
2019,Linwu,40893.65
2019,Rucheng,24712.22
2019,Guidong,19513.82
2019,Anren,27186.84
2019,Zixing,90613.01
2019,Qiyang,38769.74
2019,Dongan,33158.95
2019,Shuangpai,35275.67
2019,Dao,36254.60
2019,Jiangyong,32158.18
2019,Ningyuan,31539.34
2019,Lanshan,34985.54
2019,Xintian,26924.21
2019,Jianghua,29197.69
2019,Zhongfang,45025.68
2019,Yuanling,27727.93
2019,Chenxi,23798.83
2019,Xupu,22470.20
2019,Huitong,26558.73
2019,Mayang,25230.63
2019,Xinhuang,27218.85
2019,Zhijiang,29278.80
2019,Jingzhou,32058.85
2019,Tongdao,25082.37
2019,Hongjiang,29607.00
2019,Shuangfeng,31075.68
2019,Xinhua,24109.44
2019,Lengshuijiang,67826.44
2019,Lianyuan,29324.51
2019,Jishou,53765.55
2019,Luxi,23777.48
2019,Fenghuang,25508.94
2019,Huayuan,25016.13
2019,Baojing,23898.43
2019,Guzhang,23179.70
2019,Yongshun,19372.26
2020,Longshan,20409.02
2020,Changsha,134409.31
2020,Wangcheng,99736.87
2020,Ningxiang,88100.29
2020,Liuyang,105244.85
2020,Zhuzhou,57251.60
2020,You,66386.24
2020,Chaling,45190.05
2020,Yanling,54406.21
2020,Liling,82722.10
2020,Xiangtan,63127.09
2020,Xiangxiang,68526.22
2020,Shaoshan,93706.42
2020,Hengyang,40241.52
2020,Hengnan,44000.40
2020,Hengshan,51263.33
2020,Hengdong,50975.21
2020,Qidong,39532.38
2020,Leiyang,34563.84
2020,Changning,44122.94
2020,Shaodong,59433.18
2020,Xinshao,26531.96
2020,Shaoyang,23615.38
2020,Longhui,22952.22
2020,Dongkou,28000.00
2020,Suining,34378.93
2020,Xinning,22643.65
2020,Chengbu,24806.93
2020,Wugang,26499.30
2020,Yueyang,64561.71
2020,Huarong,63966.45
2020,Xiangyin,58005.32
2020,Pingjiang,34746.77
2020,Miluo,81856.24
2020,Linxiang,70845.89
2020,Anxiang,52289.88
2020,Hanshou,44998.41
2020,Li,52856.66
2020,Linli,54799.84
2020,Taoyuan,53019.83
2020,Shimen,55881.31
2020,Jinshi,85563.81
2020,Cili,32633.23
2020,Sangzhi,26797.88
2020,Nan,48137.23
2020,Taojiang,40715.53
2020,Anhua,30480.21
2020,Yuanjiang,46953.47
2020,Guiyang,53234.34
2020,Yizhang,38855.12
2020,Yongxing,58581.29
2020,Jiahe,42149.43
2020,Linwu,44728.37
2020,Rucheng,26668.90
2020,Guidong,28143.54
2020,Anren,32825.27
2020,Zixing,101688.21
2020,Qiyang,41483.73
2020,Dongan,38903.75
2020,Shuangpai,49903.17
2020,Dao,36073.60
2020,Jiangyong,34958.17
2020,Ningyuan,33883.14
2020,Lanshan,38814.37
2020,Xintian,28695.97
2020,Jianghua,30996.53
2020,Zhongfang,53078.04
2020,Yuanling,34614.24
2020,Chenxi,28878.67
2020,Xupu,24327.69
2020,Huitong,30976.92
2020,Mayang,29171.01
2020,Xinhuang,32327.93
2020,Zhijiang,33926.61
2020,Jingzhou,37487.94
2020,Tongdao,27748.29
2020,Hongjiang,36616.63
2020,Shuangfeng,38528.83
2020,Xinhua,23998.17
2020,Lengshuijiang,72335.86
2020,Lianyuan,35071.97
2020,Jishou,47505.40
2020,Luxi,30612.48
2020,Fenghuang,25336.74
2020,Huayuan,30024.62
2020,Baojing,31410.56
2020,Guzhang,28687.74
2020,Yongshun,21489.66
2021,Longshan,22463.74
2021,Changsha,144308.98
2021,Wangcheng,109828.34
2021,Ningxiang,92094.64
2021,Liuyang,112990.98
2021,Zhuzhou,63541.62
2021,You,72749.63
2021,Chaling,50017.34
2021,Yanling,61440.26
2021,Liling,93399.58
2021,Xiangtan,69501.79
2021,Xiangxiang,75317.08
2021,Shaoshan,102405.23
2021,Hengyang,44587.12
2021,Hengnan,48598.98
2021,Hengshan,55985.48
2021,Hengdong,56094.09
2021,Qidong,43733.10
2021,Leiyang,36945.49
2021,Changning,50831.75
2021,Shaodong,66843.24
2021,Xinshao,29170.36
2021,Shaoyang,26315.99
2021,Longhui,25459.21
2021,Dongkou,30503.87
2021,Suining,37445.34
2021,Xinning,24933.77
2021,Chengbu,27146.64
2021,Wugang,29255.79
2021,Yueyang,68758.67
2021,Huarong,71324.08
2021,Xiangyin,63264.98
2021,Pingjiang,38165.79
2021,Miluo,89186.75
2021,Linxiang,71581.61
2021,Anxiang,56557.50
2021,Hanshou,51498.49
2021,Li,58025.99
2021,Linli,59191.87
2021,Taoyuan,57464.10
2021,Shimen,61489.87
2021,Jinshi,91429.24
2021,Cili,33792.95
2021,Sangzhi,28329.90
2021,Nan,53129.49
2021,Taojiang,44188.01
2021,Anhua,33532.19
2021,Yuanjiang,51714.27
2021,Guiyang,58334.65
2021,Yizhang,42720.20
2021,Yongxing,64680.42
2021,Jiahe,45982.28
2021,Linwu,50764.49
2021,Rucheng,29078.93
2021,Guidong,31444.43
2021,Anren,35381.33
2021,Zixing,112253.71
2021,Qiyang,45655.76
2021,Dongan,42636.79
2021,Shuangpai,53948.38
2021,Dao,40189.50
2021,Jiangyong,38432.84
2021,Ningyuan,37505.95
2021,Lanshan,42179.10
2021,Xintian,25621.89
2021,Jianghua,32449.03
2021,Zhongfang,55189.81
2021,Yuanling,38385.63
2021,Chenxi,33211.21
2021,Xupu,26490.79
2021,Huitong,34465.96
2021,Mayang,33604.97
2021,Xinhuang,36768.80
2021,Zhijiang,36814.16
2021,Jingzhou,39509.88
2021,Tongdao,30252.86
2021,Hongjiang,39401.34
2021,Shuangfeng,40536.86
2021,Xinhua,26067.63
2021,Lengshuijiang,78220.18
2021,Lianyuan,38403.67
2021,Jishou,51625.85
2021,Luxi,33047.17
2021,Fenghuang,27183.47
2021,Huayuan,34107.49
2021,Baojing,34373.07
2021,Guzhang,31346.95
2021,Yongshun,23229.15
